order_id,customer_id,order_date,ship_date,total_value
1002,5168,2024-01-19,,492.2
1002,5842,2024-02-14,2024-02-17,414.31
1003,5043,2024-03-01,2024-03-05,319.5
1004,5556,2024-01-09,2024-01-10,295.98
1005,5285,2024-02-10,,408.95
1006,5397,2024-02-25,2024-02-27,ERROR
1007,5012,2024-02-18,2024-02-26,452.95
1008,5607,2024-02-01,2024-02-09,73.64
1009,5302,2024-01-07,2024-01-17,417.09
1010,5898,2024-02-25,2024-02-26,31.43
1011,5253,2024-01-01,2024-01-01,92.86
1012,5499,2024-02-06,2024-02-13,413.33
1013,5754,2024-01-19,2024-01-24,24.95
1014,5035,2024-01-31,2024-02-09,95.22
1015,5727,2024-01-31,2024-02-10,102.25
1016,5849,2024-01-29,2024-01-30,443.6
1017,5090,2024-01-22,2024-01-27,ERROR
1018,5776,2024-01-12,2024-01-21,131.0
1019,5605,2024-01-04,2024-01-09,212.48
1020,5922,2024-01-17,,40.39
1021,5970,2024-03-01,2024-03-04,INVALID
1022,5602,2024-02-25,2024-03-02,444.2
1023,5418,2024-01-31,2024-02-06,319.73
1024,5115,2024-01-08,2024-01-13,400.17
1025,5617,2024-02-22,2024-02-24,393.83
1026,5903,2024-01-05,,277.45
1027,5196,2024-01-26,2024-02-03,457.94
1028,5826,2024-02-01,2024-02-06,200.9
1029,5501,2024-01-05,2024-01-15,166.83
1030,5626,2024-02-06,2024-02-09,449.65
1031,5493,2024-02-10,2024-02-14,39.22
1032,5075,2024-02-13,2024-02-22,270.05
1033,5413,2024-01-04,2024-01-14,500.56
1034,5376,2024-01-10,,59.59
1035,5420,2024-01-10,2024-01-20,141.16
1036,5729,2024-02-21,2024-03-01,460.19
1037,5277,2024-02-06,2024-02-13,498.98
1038,5761,2024-03-01,2024-03-10,425.5
1039,5676,2024-01-20,2024-01-29,184.44
1040,5394,2024-01-06,2024-01-16,424.87
1041,5869,2024-01-16,2024-01-23,300.98
1042,5457,2024-01-08,,352.51
1043,5920,2024-02-05,2024-02-09,24.33
1044,5192,2024-02-18,2024-02-27,475.04
1045,5739,2024-01-27,,286.56
1046,5689,2024-02-08,2024-02-12,494.87
1047,5099,2024-02-08,2024-02-08,251.81
1048,5548,2024-02-20,,250.94
1049,5978,2024-02-09,2024-02-10,124.54
1050,5999,2024-01-15,2024-01-16,268.59
1051,5096,2024-02-19,2024-02-27,ERROR
1052,5664,2024-02-03,2024-02-12,109.27
1053,5663,2024-01-25,2024-01-25,361.98
1054,5190,2024-01-29,2024-02-07,424.41
1055,5736,2024-02-28,2024-03-04,21.24
1056,5037,2024-01-29,2024-02-06,460.17
1057,5780,2024-01-20,2024-01-20,425.49
1058,5369,2024-02-25,2024-03-01,481.41
1059,5695,2024-02-07,2024-02-08,472.28
1060,5525,2024-01-28,2024-01-30,60.03
1061,5279,2024-01-20,,77.4
1062,5217,2024-02-06,2024-02-13,475.6
1063,5867,2024-02-09,2024-02-18,481.46
1064,5873,2024-01-04,2024-01-09,95.9
1065,5798,2024-02-09,2024-02-15,350.52
1066,5273,2024-02-17,2024-02-22,396.32
1067,5881,2024-01-07,2024-01-07,299.23
1068,5062,2024-03-01,2024-03-11,160.92
1069,5596,2024-02-18,2024-02-23,72.93
1070,5880,2024-01-14,,475.64
1071,5729,2024-02-10,2024-02-14,202.48
1072,5342,2024-01-14,2024-01-24,483.68
1073,5397,2024-01-17,2024-01-26,ERROR
1074,5699,2024-02-12,2024-02-17,462.04
1075,5019,2024-01-06,,118.79
1076,5177,2024-01-11,2024-01-16,469.71
1077,5612,2024-01-16,2024-01-26,375.9
1078,5396,2024-01-12,2024-01-18,492.11
1079,5445,2024-02-05,2024-02-06,444.53
1080,5233,2024-01-05,2024-01-11,358.07
1081,5915,2024-01-11,2024-01-16,445.18
1082,5076,2024-01-01,2024-01-11,140.52
1083,5265,2024-01-27,2024-02-06,43.74
1084,5455,2024-01-29,2024-01-30,63.46
1085,5796,2024-02-14,2024-02-20,ERROR
1086,5718,2024-02-08,2024-02-08,369.65
1087,5735,2024-01-31,2024-02-02,444.15
1088,5384,2024-01-19,2024-01-24,196.16
1089,5564,2024-01-03,2024-01-10,60.23
1090,5851,2024-01-15,2024-01-17,434.1
1091,5506,2024-01-19,2024-01-23,347.38
1092,5367,2024-02-15,2024-02-16,46.64
1093,5144,2024-01-19,2024-01-27,155.08
1094,5885,2024-02-14,2024-02-22,477.05
1095,5069,2024-02-25,,93.89
1096,5099,2024-01-30,2024-02-08,369.36
1097,5396,2024-01-05,2024-01-11,450.81
1098,5025,2024-02-13,2024-02-15,301.72
1099,5948,2024-01-15,2024-01-24,247.16
1100,5891,2024-02-29,2024-03-02,ERROR
1102,5469,2024-01-17,2024-01-17,91.39
1102,5484,2024-02-20,2024-03-01,87.52
1103,5565,2024-02-20,2024-02-27,111.27
1104,5151,2024-02-10,2024-02-17,352.3
1105,5144,2024-02-07,2024-02-10,368.37
1106,5569,2024-02-12,2024-02-19,148.52
1107,5039,2024-02-21,2024-02-24,34.83
1108,5109,2024-02-29,2024-03-09,422.24
1109,5693,2024-01-13,2024-01-20,187.4
1110,5042,2024-01-28,2024-02-03,154.9
1111,5186,2024-01-08,2024-01-14,304.76
1112,5935,2024-02-04,2024-02-07,23.12
1113,5398,2024-01-15,2024-01-17,153.56
1114,5223,2024-02-11,2024-02-11,424.16
1115,5634,2024-01-10,2024-01-15,205.36
1116,5133,2024-02-28,2024-02-29,334.57
1117,5163,2024-01-18,2024-01-26,277.26
1118,5215,2024-02-22,2024-02-26,444.61
1119,5733,2024-01-10,,229.04
1120,5235,2024-01-05,2024-01-12,238.49
1121,5843,2024-01-04,2024-01-06,INVALID
1122,5658,2024-01-11,2024-01-12,379.28
1123,5751,2024-02-20,2024-02-23,52.52
1124,5588,2024-01-20,2024-01-25,275.95
1125,5009,2024-02-08,2024-02-14,299.61
1126,5074,2024-02-17,,422.7
1127,5954,2024-02-22,2024-02-25,215.73
1128,5492,2024-02-06,2024-02-07,435.49
1129,5913,2024-02-28,2024-02-28,442.73
1130,5253,2024-01-19,2024-01-20,49.21
1131,5230,2024-01-29,2024-02-08,360.69
1132,5519,2024-01-08,2024-01-10,451.95
1133,5174,2024-01-30,2024-02-03,342.66
1134,5653,2024-02-14,2024-02-21,69.47
1135,5168,2024-01-20,2024-01-22,95.25
1136,5170,2024-02-14,2024-02-21,487.1
1137,5393,2024-01-26,2024-01-26,72.36
1138,5946,2024-03-01,2024-03-01,495.0
1139,5795,2024-01-18,2024-01-20,499.41
1140,5634,2024-02-02,2024-02-11,419.42
1141,5194,2024-02-04,2024-02-05,457.02
1142,5517,2024-02-01,2024-02-04,43.35
1143,5029,2024-01-29,2024-01-29,205.3
1144,5165,2024-01-06,2024-01-16,145.91
1145,5422,2024-02-08,2024-02-15,438.72
1146,5339,2024-01-03,,315.95
1147,5648,2024-02-26,2024-03-04,216.21
1148,5496,2024-01-28,2024-01-28,83.15
1149,5365,2024-02-17,2024-02-26,382.29
1150,5833,2024-01-21,2024-01-23,463.95
1151,5342,2024-02-08,2024-02-08,60.01
1152,5500,2024-01-17,2024-01-20,273.09
1153,5657,2024-01-02,2024-01-04,211.94
1154,5511,2024-01-06,2024-01-07,248.56
1155,5327,2024-01-15,2024-01-20,28.87
1156,5217,2024-02-13,,81.02
1157,5301,2024-02-23,2024-03-02,350.57
1158,5132,2024-02-25,2024-03-04,ERROR
1159,5804,2024-02-06,2024-02-12,173.01
1160,5070,2024-02-07,2024-02-07,376.1
1161,5252,2024-03-01,2024-03-06,450.27
1162,5415,2024-01-02,2024-01-02,ERROR
1163,5787,2024-02-18,2024-02-19,159.07
1164,5445,2024-02-13,2024-02-23,251.52
1165,5876,2024-02-22,2024-03-02,58.65
1166,5182,2024-01-18,2024-01-23,76.38
1167,5167,2024-02-06,2024-02-11,227.73
1168,5091,2024-01-03,2024-01-13,142.58
1169,5714,2024-02-18,2024-02-28,326.98
1170,5858,2024-02-18,2024-02-25,114.13
1171,5531,2024-01-12,2024-01-14,373.75
1172,5039,2024-01-31,,435.64
1173,5126,2024-02-03,2024-02-10,263.11
1174,5451,2024-02-11,,163.03
1175,5173,2024-01-29,2024-02-01,77.0
1176,5653,2024-02-28,2024-03-04,441.59
1177,5754,2024-01-18,2024-01-26,ERROR
1178,5220,2024-01-12,2024-01-20,418.84
1179,5638,2024-02-07,2024-02-07,132.81
1180,5058,2024-01-28,2024-01-31,460.56
1181,5660,2024-02-10,2024-02-10,144.82
1182,5476,2024-02-22,2024-02-27,258.14
1183,5456,2024-02-01,2024-02-06,71.23
1184,5829,2024-01-06,2024-01-12,ERROR
1185,5895,2024-01-31,2024-02-06,301.73
1186,5361,2024-01-23,2024-01-25,437.25
1187,5935,2024-01-27,2024-02-03,181.97
1188,5001,2024-01-22,2024-01-30,449.02
1189,5387,2024-01-21,2024-01-22,348.21
1190,5973,2024-02-12,2024-02-13,200.01
1191,5348,2024-01-07,2024-01-09,291.05
1192,5190,2024-02-24,2024-02-29,430.7
1193,5505,2024-01-11,2024-01-16,342.74
1194,5191,2024-01-22,2024-01-26,211.26
1195,5508,2024-01-27,2024-02-02,ERROR
1196,5369,2024-02-14,2024-02-21,386.8
1197,5409,2024-02-01,2024-02-01,ERROR
1198,5824,2024-01-19,2024-01-24,327.87
1199,5929,2024-02-12,2024-02-18,14.65
1200,5934,2024-03-01,2024-03-01,405.19
1202,5117,2024-01-26,,484.58
1202,5134,2024-02-22,2024-02-27,218.27
1203,5058,2024-02-18,2024-02-28,181.45
1204,5556,2024-02-05,2024-02-05,239.3
1205,5685,2024-01-03,2024-01-12,414.62
1206,5672,2024-01-30,2024-02-06,60.66
1207,5173,2024-01-06,,335.22
1208,5829,2024-01-21,,193.97
1209,5815,2024-01-17,2024-01-22,309.09
1210,5149,2024-01-21,2024-01-30,63.5
1211,5080,2024-01-08,,495.04
1212,5886,2024-02-19,2024-02-26,432.85
1213,5213,2024-01-26,2024-01-31,359.11
1214,5203,2024-02-25,2024-02-26,156.98
1215,5764,2024-02-02,2024-02-10,385.77
1216,5229,2024-02-22,2024-02-27,405.36
1217,5676,2024-01-01,2024-01-04,304.67
1218,5227,2024-02-12,2024-02-12,344.24
1219,5659,2024-02-25,2024-03-03,331.81
1220,5532,2024-02-04,2024-02-12,137.68
1221,5441,2024-01-30,2024-02-03,INVALID
1222,5402,2024-01-27,2024-01-30,ERROR
1223,5047,2024-01-04,2024-01-08,290.94
1224,5233,2024-01-13,2024-01-20,366.69
1225,5305,2024-02-03,2024-02-05,272.6
1226,5526,2024-01-24,2024-01-31,454.92
1227,5143,2024-02-09,2024-02-16,259.21
1228,5415,2024-02-18,2024-02-28,422.62
1229,5513,2024-02-01,2024-02-06,99.3
1230,5373,2024-02-10,2024-02-11,73.22
1231,5566,2024-01-29,2024-02-02,406.79
1232,5886,2024-02-18,2024-02-20,100.25
1233,5259,2024-01-04,2024-01-14,175.04
1234,5656,2024-01-14,2024-01-19,184.68
1235,5471,2024-01-18,2024-01-19,161.05
1236,5953,2024-02-05,2024-02-07,172.93
1237,5971,2024-01-09,2024-01-16,154.66
1238,5012,2024-02-29,,241.18
1239,5330,2024-01-19,2024-01-24,296.6
1240,5736,2024-01-29,2024-02-06,45.41
1241,5784,2024-02-26,2024-02-27,255.86
1242,5968,2024-02-14,,197.61
1243,5358,2024-02-01,2024-02-08,37.0
1244,5972,2024-01-08,2024-01-14,77.84
1245,5408,2024-01-02,2024-01-03,211.11
1246,5668,2024-02-10,2024-02-15,454.97
1247,5373,2024-02-08,2024-02-15,165.61
1248,5008,2024-02-21,2024-02-29,392.38
1249,5122,2024-01-16,2024-01-24,319.86
1250,5348,2024-02-15,2024-02-17,321.56
1251,5676,2024-01-11,2024-01-13,ERROR
1252,5090,2024-01-20,2024-01-20,383.68
1253,5648,2024-02-05,2024-02-13,385.29
1254,5698,2024-01-01,2024-01-03,384.84
1255,5316,2024-02-05,2024-02-08,311.75
1256,5178,2024-01-27,2024-02-04,208.26
1257,5540,2024-01-06,2024-01-07,198.42
1258,5732,2024-01-15,2024-01-25,ERROR
1259,5869,2024-02-23,2024-02-27,193.41
1260,5041,2024-02-28,2024-03-03,ERROR
1261,5740,2024-01-08,2024-01-09,418.99
1262,5704,2024-01-30,2024-02-01,342.28
1263,5923,2024-03-01,2024-03-10,132.49
1264,5502,2024-01-08,2024-01-18,179.32
1265,5959,2024-02-11,2024-02-20,198.54
1266,5145,2024-02-23,2024-03-03,92.38
1267,5201,2024-01-10,,156.69
1268,5929,2024-02-01,2024-02-02,367.32
1269,5724,2024-02-29,,176.12
1270,5461,2024-02-15,2024-02-24,498.53
1271,5732,2024-01-19,2024-01-22,452.4
1272,5752,2024-02-02,2024-02-08,102.88
1273,5925,2024-02-15,2024-02-15,460.65
1274,5909,2024-01-18,2024-01-28,122.48
1275,5558,2024-01-27,2024-02-06,74.82
1276,5547,2024-02-23,2024-03-01,299.6
1277,5253,2024-01-31,2024-02-10,190.22
1278,5390,2024-01-31,2024-02-07,28.82
1279,5594,2024-01-16,,135.9
1280,5883,2024-01-30,,34.32
1281,5256,2024-02-05,2024-02-12,335.03
1282,5709,2024-01-10,2024-01-15,20.18
1283,5815,2024-01-25,2024-01-30,214.82
1284,5921,2024-01-13,2024-01-18,278.81
1285,5450,2024-02-28,2024-03-04,85.57
1286,5010,2024-02-08,2024-02-10,319.51
1287,5824,2024-02-02,2024-02-10,334.88
1288,5798,2024-02-17,2024-02-22,142.86
1289,5242,2024-02-26,2024-02-27,77.74
1290,5251,2024-01-09,2024-01-12,61.93
1291,5877,2024-02-25,2024-02-25,68.22
1292,5005,2024-01-05,2024-01-11,62.6
1293,5119,2024-01-18,2024-01-24,108.43
1294,5801,2024-02-19,2024-02-21,266.97
1295,5374,2024-02-20,2024-02-29,355.36
1296,5065,2024-02-24,2024-02-27,29.82
1297,5146,2024-01-27,2024-02-03,112.32
1298,5224,2024-01-22,2024-01-29,172.58
1299,5239,2024-02-29,2024-03-04,ERROR
1300,5177,2024-02-20,2024-02-21,455.1
1302,5779,2024-02-02,2024-02-10,338.49
1302,5853,2024-01-18,2024-01-21,54.66
1303,5282,2024-02-22,2024-02-27,365.23
1304,5063,2024-01-01,,135.95
1305,5217,2024-01-19,2024-01-28,495.19
1306,5854,2024-02-16,2024-02-26,238.11
1307,5827,2024-01-20,2024-01-24,96.15
1308,5795,2024-02-23,2024-02-24,ERROR
1309,5689,2024-02-07,2024-02-11,403.48
1310,5461,2024-02-07,2024-02-13,372.57
1311,5929,2024-02-12,2024-02-18,382.21
1312,5610,2024-02-01,,ERROR
1313,5105,2024-02-25,2024-03-01,335.71
1314,5099,2024-01-10,2024-01-11,185.78
1315,5511,2024-01-29,2024-02-05,315.34
1316,5385,2024-02-04,2024-02-08,56.07
1317,5405,2024-01-31,2024-02-09,100.15
1318,5823,2024-01-23,2024-01-24,482.27
1319,5518,2024-01-22,2024-01-23,199.6
1320,5476,2024-02-05,2024-02-10,402.65
1321,5977,2024-02-18,2024-02-23,INVALID
1322,5709,2024-02-04,2024-02-07,351.8
1323,5863,2024-01-25,2024-01-31,472.54
1324,5645,2024-01-30,2024-01-30,214.46
1325,5870,2024-02-29,,403.81
1326,5771,2024-01-21,2024-01-28,99.36
1327,5437,2024-02-25,2024-02-27,186.3
1328,5023,2024-01-13,2024-01-21,ERROR
1329,5997,2024-02-14,2024-02-23,421.59
1330,5565,2024-01-16,2024-01-22,74.55
1331,5677,2024-02-06,2024-02-10,65.87
1332,5714,2024-01-25,2024-02-02,33.04
1333,5458,2024-01-15,2024-01-23,164.56
1334,5083,2024-02-24,2024-03-04,342.85
1335,5145,2024-02-19,2024-02-19,293.2
1336,5085,2024-01-27,2024-02-06,489.91
1337,5078,2024-01-03,2024-01-09,176.35
1338,5457,2024-01-21,2024-01-31,353.96
1339,5878,2024-02-17,,334.9
1340,5001,2024-01-31,2024-02-10,180.0
1341,5051,2024-02-15,2024-02-24,199.19
1342,5685,2024-02-28,2024-02-28,284.23
1343,5717,2024-02-21,2024-02-23,37.25
1344,5772,2024-01-25,2024-02-03,87.43
1345,5446,2024-01-25,2024-01-31,428.13
1346,5449,2024-02-12,2024-02-22,47.2
1347,5881,2024-02-20,2024-02-29,128.6
1348,5488,2024-02-22,2024-02-23,35.18
1349,5800,2024-02-11,2024-02-18,325.89
1350,5034,2024-01-10,2024-01-12,125.71
1351,5348,2024-02-01,2024-02-04,403.32
1352,5095,2024-01-03,2024-01-12,430.44
1353,5072,2024-01-09,2024-01-09,68.7
1354,5551,2024-02-02,2024-02-10,330.82
1355,5154,2024-02-07,2024-02-12,212.65
1356,5250,2024-01-22,2024-01-29,10.58
1357,5674,2024-02-25,2024-03-01,306.71
1358,5438,2024-01-07,2024-01-14,159.83
1359,5118,2024-02-25,2024-03-01,111.91
1360,5771,2024-02-24,2024-03-05,476.41
1361,5891,2024-01-29,2024-02-08,37.11
1362,5306,2024-01-07,2024-01-11,233.3
1363,5268,2024-02-03,2024-02-06,314.34
1364,5961,2024-02-28,2024-03-03,332.68
1365,5054,2024-01-30,2024-02-02,66.4
1366,5236,2024-01-01,2024-01-05,119.21
1367,5389,2024-02-16,2024-02-19,417.35
1368,5990,2024-01-10,2024-01-17,153.64
1369,5734,2024-01-27,2024-02-01,354.7
1370,5763,2024-02-25,2024-02-29,ERROR
1371,5825,2024-02-11,2024-02-20,79.36
1372,5401,2024-01-10,2024-01-16,364.24
1373,5624,2024-01-05,2024-01-11,309.97
1374,5767,2024-01-31,2024-02-02,466.54
1375,5303,2024-02-20,2024-02-24,234.57
1376,5919,2024-01-17,2024-01-18,361.91
1377,5207,2024-01-22,2024-01-29,213.69
1378,5229,2024-02-09,2024-02-16,421.07
1379,5853,2024-02-14,2024-02-22,389.04
1380,5910,2024-01-26,2024-02-03,333.31
1381,5578,2024-02-11,2024-02-13,76.51
1382,5075,2024-01-06,2024-01-15,270.51
1383,5435,2024-02-24,2024-02-24,ERROR
1384,5103,2024-01-22,2024-01-30,421.73
1385,5422,2024-02-24,2024-02-27,259.71
1386,5704,2024-02-13,,97.37
1387,5764,2024-02-24,2024-03-02,368.63
1388,5738,2024-02-04,2024-02-06,200.43
1389,5806,2024-01-25,,443.24
1390,5306,2024-01-21,2024-01-23,199.08
1391,5098,2024-02-10,2024-02-17,459.52
1392,5850,2024-02-15,2024-02-18,144.63
1393,5798,2024-02-26,2024-03-01,486.28
1394,5335,2024-02-18,2024-02-28,75.89
1395,5859,2024-02-01,,353.68
1396,5435,2024-02-25,2024-03-06,157.04
1397,5447,2024-02-04,2024-02-12,432.46
1398,5994,2024-01-03,2024-01-03,469.13
1399,5308,2024-02-09,2024-02-11,108.99
1400,5249,2024-01-05,2024-01-07,152.96
1402,5166,2024-01-16,2024-01-16,340.13
1402,5481,2024-02-10,2024-02-16,329.2
1403,5984,2024-02-13,2024-02-15,257.53
1404,5335,2024-02-28,2024-03-03,168.55
1405,5542,2024-01-19,2024-01-19,183.18
1406,5759,2024-01-15,2024-01-24,290.26
1407,5106,2024-02-17,2024-02-22,215.17
1408,5563,2024-01-06,2024-01-16,422.99
1409,5081,2024-01-28,2024-02-04,425.89
1410,5133,2024-01-07,2024-01-09,266.77
1411,5797,2024-02-18,2024-02-25,ERROR
1412,5900,2024-02-10,2024-02-11,339.09
1413,5138,2024-02-15,2024-02-22,378.28
1414,5184,2024-02-25,2024-02-27,151.01
1415,5401,2024-01-07,,422.01
1416,5330,2024-01-29,2024-02-02,155.19
1417,5785,2024-01-11,2024-01-14,26.34
1418,5508,2024-02-14,2024-02-24,60.74
1419,5852,2024-01-20,2024-01-26,373.04
1420,5984,2024-02-27,2024-02-28,374.47
1421,5069,2024-01-02,2024-01-03,INVALID
1422,5546,2024-01-03,2024-01-05,402.12
1423,5774,2024-01-21,2024-01-24,336.27
1424,5053,2024-02-20,,200.5
1425,5450,2024-01-04,2024-01-11,488.9
1426,5205,2024-01-19,2024-01-24,281.18
1427,5126,2024-01-23,2024-02-01,ERROR
1428,5747,2024-01-24,,314.73
1429,5043,2024-01-28,2024-01-31,437.08
1430,5752,2024-01-10,,457.36
1431,5971,2024-01-16,2024-01-20,328.0
1432,5883,2024-02-03,2024-02-13,278.48
1433,5111,2024-01-27,2024-01-31,391.01
1434,5761,2024-02-06,2024-02-16,154.72
1435,5663,2024-02-13,2024-02-17,345.17
1436,5183,2024-02-20,2024-02-23,95.7
1437,5848,2024-01-12,2024-01-14,195.42
1438,5095,2024-01-11,2024-01-18,283.37
1439,5971,2024-01-12,2024-01-21,296.8
1440,5374,2024-01-06,2024-01-14,172.56
1441,5912,2024-02-09,2024-02-17,86.39
1442,5520,2024-02-25,2024-02-28,168.67
1443,5900,2024-01-25,2024-02-04,467.6
1444,5360,2024-02-09,2024-02-10,334.99
1445,5900,2024-02-13,2024-02-21,291.25
1446,5696,2024-01-16,2024-01-17,394.87
1447,5281,2024-02-01,2024-02-02,118.34
1448,5195,2024-02-28,,43.92
1449,5864,2024-02-07,2024-02-15,214.41
1450,5195,2024-01-10,2024-01-18,55.58
1451,5667,2024-01-15,2024-01-20,115.1
1452,5093,2024-01-30,2024-02-06,187.38
1453,5672,2024-02-10,2024-02-13,379.49
1454,5946,2024-01-17,2024-01-24,499.1
1455,5061,2024-01-30,,491.5
1456,5634,2024-01-17,2024-01-17,ERROR
1457,5051,2024-02-12,2024-02-20,228.99
1458,5403,2024-01-01,2024-01-10,311.37
1459,5789,2024-02-27,,480.6
1460,5005,2024-02-21,2024-02-25,167.84
1461,5466,2024-01-30,2024-02-05,473.78
1462,5604,2024-02-27,2024-02-27,275.35
1463,5682,2024-01-19,2024-01-28,457.28
1464,5829,2024-02-13,,194.32
1465,5534,2024-02-04,2024-02-05,228.93
1466,5405,2024-01-11,2024-01-11,ERROR
1467,5838,2024-01-05,2024-01-06,104.88
1468,5513,2024-01-29,2024-02-05,475.36
1469,5645,2024-03-01,,479.31
1470,5233,2024-01-23,2024-01-25,14.09
1471,5524,2024-02-07,2024-02-17,339.13
1472,5346,2024-01-20,2024-01-25,434.54
1473,5046,2024-02-10,2024-02-16,61.45
1474,5546,2024-01-28,2024-02-03,355.02
1475,5945,2024-02-14,2024-02-24,390.55
1476,5078,2024-01-17,2024-01-25,471.21
1477,5730,2024-01-30,2024-02-04,85.88
1478,5813,2024-02-24,2024-03-03,173.12
1479,5923,2024-01-20,2024-01-22,37.1
1480,5073,2024-01-13,2024-01-16,284.1
1481,5794,2024-01-25,2024-01-25,122.1
1482,5249,2024-02-24,2024-03-02,200.73
1483,5047,2024-01-31,2024-02-08,222.79
1484,5121,2024-01-07,2024-01-13,ERROR
1485,5214,2024-01-16,2024-01-19,272.7
1486,5239,2024-01-25,2024-01-27,313.65
1487,5056,2024-02-06,2024-02-07,297.59
1488,5350,2024-01-23,,46.09
1489,5107,2024-02-06,2024-02-15,62.53
1490,5831,2024-01-19,2024-01-19,158.24
1491,5048,2024-02-14,2024-02-15,385.68
1492,5573,2024-01-19,2024-01-19,204.2
1493,5337,2024-01-02,2024-01-12,242.87
1494,5026,2024-02-23,2024-02-23,77.36
1495,5804,2024-02-12,2024-02-12,401.47
1496,5257,2024-01-26,2024-01-29,481.21
1497,5008,2024-01-18,2024-01-18,342.54
1498,5625,2024-01-01,2024-01-05,400.26
1499,5867,2024-02-06,2024-02-15,193.43
1500,5253,2024-02-25,2024-03-05,281.87
1502,5692,2024-02-13,2024-02-18,70.92
1502,5719,2024-02-19,2024-02-21,ERROR
1503,5303,2024-02-17,2024-02-25,273.84
1504,5639,2024-01-04,2024-01-08,159.87
1505,5056,2024-02-28,2024-03-07,453.46
1506,5726,2024-02-08,2024-02-10,212.8
1507,5526,2024-02-17,2024-02-23,261.78
1508,5474,2024-02-01,2024-02-01,118.74
1509,5028,2024-02-23,2024-03-04,105.77
1510,5983,2024-02-27,2024-03-06,402.53
1511,5078,2024-02-27,2024-03-04,427.89
1512,5216,2024-01-19,2024-01-23,497.96
1513,5386,2024-02-19,2024-02-27,279.97
1514,5365,2024-02-21,2024-02-24,43.52
1515,5666,2024-01-15,2024-01-17,366.22
1516,5526,2024-02-08,2024-02-08,172.7
1517,5699,2024-02-21,2024-02-27,331.85
1518,5312,2024-01-23,2024-01-25,314.22
1519,5883,2024-01-15,2024-01-19,166.29
1520,5007,2024-02-10,2024-02-20,312.66
1521,5003,2024-01-13,,INVALID
1522,5623,2024-02-09,2024-02-14,189.19
1523,5919,2024-01-17,,220.48
1524,5750,2024-02-13,2024-02-16,ERROR
1525,5363,2024-02-18,,119.1
1526,5751,2024-02-16,2024-02-25,224.31
1527,5508,2024-02-19,2024-02-20,76.34
1528,5274,2024-02-12,2024-02-21,440.88
1529,5506,2024-02-13,2024-02-21,186.37
1530,5806,2024-02-23,2024-02-26,280.96
1531,5739,2024-01-09,2024-01-14,307.9
1532,5883,2024-02-10,2024-02-10,431.48
1533,5015,2024-01-07,2024-01-10,274.56
1534,5192,2024-02-27,2024-02-28,445.03
1535,5985,2024-02-10,2024-02-17,47.46
1536,5631,2024-02-11,2024-02-20,ERROR
1537,5485,2024-01-03,2024-01-09,25.79
1538,5028,2024-01-20,2024-01-28,209.12
1539,5714,2024-02-20,2024-02-24,454.82
1540,5039,2024-01-29,2024-02-06,276.94
1541,5953,2024-01-03,2024-01-07,241.95
1542,5273,2024-02-07,2024-02-15,189.84
1543,5231,2024-01-24,2024-01-31,389.04
1544,5086,2024-02-16,,153.16
1545,5474,2024-01-09,2024-01-16,260.73
1546,5126,2024-01-06,2024-01-11,256.69
1547,5812,2024-02-28,2024-03-04,426.22
1548,5537,2024-01-19,2024-01-19,311.53
1549,5145,2024-01-21,2024-01-24,262.56
1550,5525,2024-02-17,2024-02-17,98.33
1551,5212,2024-01-27,2024-02-05,333.78
1552,5025,2024-01-12,2024-01-18,371.28
1553,5580,2024-01-13,2024-01-16,186.4
1554,5394,2024-01-09,2024-01-15,249.57
1555,5067,2024-02-20,2024-02-23,191.62
1556,5233,2024-02-04,2024-02-14,ERROR
1557,5109,2024-02-26,2024-03-02,455.51
1558,5146,2024-01-24,2024-01-31,240.76
1559,5111,2024-02-03,2024-02-13,33.27
1560,5228,2024-02-02,2024-02-09,169.38
1561,5111,2024-02-28,2024-03-04,266.1
1562,5470,2024-01-18,2024-01-26,419.8
1563,5034,2024-02-23,2024-03-02,277.37
1564,5623,2024-01-11,2024-01-11,330.96
1565,5776,2024-01-17,2024-01-18,330.8
1566,5936,2024-02-28,2024-03-09,263.79
1567,5369,2024-02-22,,455.28
1568,5748,2024-03-01,,183.51
1569,5595,2024-01-31,2024-02-10,249.18
1570,5554,2024-02-21,2024-02-23,306.71
1571,5425,2024-01-19,,78.63
1572,5613,2024-02-17,2024-02-22,48.29
1573,5518,2024-02-25,,114.2
1574,5692,2024-01-22,2024-01-31,188.08
1575,5282,2024-02-21,2024-03-02,68.51
1576,5320,2024-01-08,2024-01-08,408.18
1577,5738,2024-01-30,2024-02-05,246.56
1578,5443,2024-01-05,,113.8
1579,5952,2024-01-10,2024-01-14,419.06
1580,5315,2024-02-18,2024-02-22,ERROR
1581,5877,2024-01-15,,ERROR
1582,5966,2024-02-25,2024-03-06,89.49
1583,5741,2024-02-13,2024-02-15,29.71
1584,5377,2024-02-16,2024-02-17,37.91
1585,5289,2024-02-13,2024-02-16,98.76
1586,5437,2024-01-26,2024-02-03,304.34
1587,5662,2024-02-24,2024-02-29,19.63
1588,5277,2024-02-21,2024-02-27,334.92
1589,5710,2024-02-05,,52.54
1590,5582,2024-01-24,2024-01-31,497.21
1591,5503,2024-01-06,2024-01-09,94.12
1592,5624,2024-02-20,2024-02-21,305.06
1593,5516,2024-01-26,2024-02-05,412.73
1594,5350,2024-01-01,2024-01-02,333.89
1595,5843,2024-01-17,2024-01-23,365.53
1596,5446,2024-02-04,2024-02-04,232.81
1597,5830,2024-01-08,2024-01-10,123.17
1598,5350,2024-01-30,,63.73
1599,5607,2024-01-24,2024-02-03,431.91
1600,5664,2024-02-13,2024-02-22,216.3
1602,5823,2024-02-17,2024-02-18,57.71
1602,5137,2024-02-13,2024-02-13,311.88
1603,5759,2024-01-17,2024-01-26,ERROR
1604,5899,2024-02-07,2024-02-07,257.26
1605,5243,2024-01-25,2024-02-04,246.92
1606,5543,2024-02-22,2024-03-01,306.35
1607,5040,2024-02-10,2024-02-10,450.24
1608,5229,2024-03-01,2024-03-06,328.79
1609,5548,2024-01-24,,192.08
1610,5920,2024-01-07,2024-01-09,ERROR
1611,5223,2024-02-13,2024-02-19,123.01
1612,5006,2024-01-15,2024-01-19,397.58
1613,5322,2024-01-31,2024-02-03,299.28
1614,5468,2024-01-02,2024-01-08,383.84
1615,5732,2024-02-09,2024-02-17,58.41
1616,5075,2024-02-26,2024-02-28,244.42
1617,5004,2024-03-01,2024-03-02,431.65
1618,5847,2024-02-05,2024-02-10,440.33
1619,5646,2024-01-21,,103.17
1620,5118,2024-02-28,2024-02-29,397.51
1621,5881,2024-02-09,2024-02-18,INVALID
1622,5606,2024-01-15,2024-01-21,ERROR
1623,5504,2024-02-11,2024-02-16,347.68
1624,5998,2024-01-05,,188.1
1625,5947,2024-02-10,2024-02-17,329.94
1626,5574,2024-02-22,2024-02-27,429.65
1627,5441,2024-01-30,2024-02-05,189.76
1628,5194,2024-02-28,2024-03-09,344.17
1629,5847,2024-02-14,2024-02-20,213.09
1630,5715,2024-01-20,,247.03
1631,5392,2024-02-11,2024-02-14,282.55
1632,5026,2024-01-27,2024-01-28,160.84
1633,5435,2024-01-08,2024-01-14,356.37
1634,5173,2024-01-09,2024-01-19,429.66
1635,5300,2024-01-03,2024-01-09,377.12
1636,5645,2024-03-01,2024-03-02,353.34
1637,5326,2024-01-03,,115.64
1638,5410,2024-01-20,2024-01-27,176.42
1639,5118,2024-02-01,2024-02-05,352.23
1640,5836,2024-01-08,2024-01-09,89.3
1641,5787,2024-01-07,2024-01-14,13.09
1642,5724,2024-01-16,2024-01-24,81.75
1643,5225,2024-02-26,2024-02-26,223.94
1644,5532,2024-02-04,,119.22
1645,5113,2024-01-09,2024-01-18,29.01
1646,5140,2024-01-25,2024-01-30,493.13
1647,5559,2024-01-30,2024-01-30,265.92
1648,5001,2024-01-24,2024-01-30,303.41
1649,5090,2024-02-12,2024-02-20,412.62
1650,5654,2024-03-01,2024-03-04,225.71
1651,5320,2024-02-17,2024-02-19,332.54
1652,5550,2024-02-14,2024-02-16,150.71
1653,5805,2024-03-01,2024-03-05,ERROR
1654,5894,2024-02-04,2024-02-06,263.38
1655,5139,2024-01-27,,93.59
1656,5511,2024-02-07,2024-02-13,ERROR
1657,5868,2024-02-17,2024-02-18,10.64
1658,5845,2024-02-16,2024-02-19,499.19
1659,5259,2024-01-10,2024-01-17,183.62
1660,5673,2024-02-26,2024-02-29,297.83
1661,5902,2024-01-27,2024-01-29,371.78
1662,5690,2024-02-11,2024-02-17,54.7
1663,5010,2024-01-07,2024-01-16,417.29
1664,5261,2024-02-23,2024-02-28,181.15
1665,5919,2024-02-01,2024-02-07,146.06
1666,5650,2024-02-09,2024-02-19,105.87
1667,5172,2024-01-27,2024-01-29,292.35
1668,5898,2024-03-01,2024-03-10,210.1
1669,5013,2024-03-01,2024-03-04,45.99
1670,5168,2024-01-18,2024-01-20,474.77
1671,5642,2024-01-03,2024-01-08,479.53
1672,5596,2024-02-14,2024-02-24,409.15
1673,5321,2024-01-24,2024-02-02,350.83
1674,5319,2024-01-14,2024-01-19,286.59
1675,5613,2024-01-29,2024-02-04,381.85
1676,5329,2024-01-29,2024-02-07,235.45
1677,5785,2024-03-01,2024-03-09,298.19
1678,5777,2024-01-16,2024-01-24,ERROR
1679,5971,2024-02-24,,43.62
1680,5911,2024-01-24,2024-01-27,497.91
1681,5920,2024-01-07,2024-01-11,123.22
1682,5550,2024-02-13,2024-02-14,478.91
1683,5419,2024-01-24,2024-01-30,15.27
1684,5606,2024-02-04,2024-02-06,132.21
1685,5095,2024-02-27,2024-03-01,340.78
1686,5817,2024-02-11,2024-02-13,47.77
1687,5581,2024-01-23,2024-01-29,244.13
1688,5318,2024-01-04,,448.94
1689,5956,2024-01-26,2024-02-02,474.82
1690,5236,2024-01-18,2024-01-26,456.59
1691,5946,2024-01-13,2024-01-19,108.39
1692,5334,2024-01-08,2024-01-13,438.36
1693,5885,2024-03-01,2024-03-09,109.91
1694,5376,2024-02-24,2024-02-25,313.77
1695,5459,2024-02-22,2024-02-25,62.8
1696,5137,2024-01-30,2024-02-04,341.82
1697,5930,2024-01-06,2024-01-15,311.43
1698,5588,2024-02-12,,275.96
1699,5995,2024-01-14,2024-01-24,ERROR
1700,5547,2024-02-11,2024-02-16,314.78
1702,5513,2024-02-10,2024-02-16,493.57
1702,5296,2024-02-08,2024-02-09,436.41
1703,5320,2024-01-02,2024-01-10,493.1
1704,5918,2024-01-04,2024-01-12,147.9
1705,5572,2024-02-20,2024-02-29,293.21
1706,5832,2024-01-22,2024-01-27,402.34
1707,5349,2024-01-16,2024-01-26,275.61
1708,5840,2024-01-09,2024-01-17,203.52
1709,5779,2024-02-20,2024-02-20,96.2
1710,5873,2024-02-06,2024-02-10,352.81
1711,5229,2024-01-14,2024-01-15,348.39
1712,5270,2024-01-05,2024-01-07,ERROR
1713,5828,2024-02-23,2024-02-28,295.34
1714,5798,2024-02-18,2024-02-21,310.91
1715,5291,2024-02-05,2024-02-10,279.43
1716,5725,2024-01-14,2024-01-21,241.58
1717,5165,2024-02-07,2024-02-14,189.89
1718,5005,2024-01-14,2024-01-18,113.71
1719,5851,2024-02-22,,193.02
1720,5379,2024-02-25,2024-02-25,147.59
1721,5078,2024-01-15,2024-01-25,INVALID
1722,5410,2024-01-22,2024-01-24,122.55
1723,5574,2024-02-19,2024-02-22,142.84
1724,5132,2024-01-10,2024-01-18,222.4
1725,5601,2024-02-20,2024-02-28,82.0
1726,5749,2024-02-27,2024-03-05,83.82
1727,5042,2024-02-08,2024-02-14,97.08
1728,5089,2024-01-01,2024-01-03,498.57
1729,5402,2024-01-18,2024-01-24,263.96
1730,5296,2024-02-24,2024-03-04,395.51
1731,5840,2024-01-10,2024-01-17,286.09
1732,5295,2024-01-09,2024-01-15,205.82
1733,5616,2024-02-04,,39.93
1734,5526,2024-01-17,2024-01-21,244.12
1735,5800,2024-02-21,2024-02-22,231.04
1736,5691,2024-01-12,2024-01-20,187.46
1737,5637,2024-01-08,2024-01-13,467.34
1738,5422,2024-02-12,2024-02-13,20.22
1739,5865,2024-02-25,2024-03-03,435.73
1740,5023,2024-01-02,2024-01-12,108.04
1741,5575,2024-01-09,2024-01-15,328.74
1742,5143,2024-01-01,2024-01-10,393.05
1743,5993,2024-01-23,2024-01-28,340.53
1744,5665,2024-02-20,2024-02-29,371.58
1745,5145,2024-02-20,2024-03-01,197.32
1746,5225,2024-01-16,2024-01-20,320.2
1747,5503,2024-02-07,2024-02-16,92.65
1748,5962,2024-01-21,,175.9
1749,5974,2024-01-02,2024-01-03,290.75
1750,5821,2024-01-12,2024-01-13,45.48
1751,5616,2024-01-17,2024-01-19,122.38
1752,5104,2024-01-04,2024-01-10,153.34
1753,5947,2024-01-09,2024-01-18,326.54
1754,5039,2024-02-17,2024-02-19,228.61
1755,5947,2024-01-27,2024-02-04,188.54
1756,5198,2024-02-03,2024-02-13,483.85
1757,5646,2024-01-08,2024-01-10,100.65
1758,5579,2024-02-17,2024-02-24,ERROR
1759,5391,2024-01-05,2024-01-07,335.06
1760,5179,2024-01-31,2024-02-07,354.02
1761,5968,2024-01-29,2024-02-03,92.33
1762,5554,2024-02-19,2024-02-26,41.77
1763,5448,2024-01-24,2024-01-30,279.37
1764,5500,2024-02-02,2024-02-10,ERROR
1765,5015,2024-02-07,2024-02-13,385.54
1766,5623,2024-01-07,2024-01-13,139.17
1767,5669,2024-01-29,2024-02-05,331.53
1768,5289,2024-02-02,2024-02-03,162.17
1769,5478,2024-01-15,2024-01-18,149.82
1770,5231,2024-03-01,2024-03-05,74.86
1771,5923,2024-02-09,2024-02-13,24.51
1772,5420,2024-01-03,2024-01-10,432.3
1773,5157,2024-02-16,2024-02-23,243.93
1774,5550,2024-02-20,2024-02-21,275.52
1775,5441,2024-02-28,2024-03-03,228.59
1776,5097,2024-02-25,2024-03-01,352.51
1777,5997,2024-02-12,2024-02-12,303.47
1778,5411,2024-02-03,2024-02-10,322.23
1779,5951,2024-01-20,2024-01-26,267.13
1780,5289,2024-01-30,2024-02-09,162.31
1781,5254,2024-02-11,2024-02-15,275.07
1782,5196,2024-01-02,2024-01-02,227.12
1783,5598,2024-01-04,2024-01-09,137.87
1784,5834,2024-01-31,2024-02-01,10.55
1785,5522,2024-02-24,2024-02-25,426.21
1786,5517,2024-01-26,2024-01-29,240.52
1787,5635,2024-01-28,2024-02-06,ERROR
1788,5842,2024-02-13,2024-02-22,474.75
1789,5865,2024-01-07,2024-01-09,14.98
1790,5118,2024-02-01,2024-02-04,154.11
1791,5806,2024-02-15,2024-02-15,14.04
1792,5909,2024-02-28,2024-03-07,212.35
1793,5159,2024-01-29,2024-02-06,204.03
1794,5815,2024-01-05,2024-01-09,371.87
1795,5228,2024-02-27,2024-03-02,195.99
1796,5877,2024-01-06,2024-01-14,217.5
1797,5216,2024-01-21,2024-01-31,385.31
1798,5948,2024-02-08,2024-02-10,406.41
1799,5696,2024-01-10,2024-01-16,150.06
1800,5015,2024-01-05,2024-01-09,407.02
1802,5157,2024-01-09,2024-01-11,428.92
1802,5648,2024-01-18,2024-01-20,152.47
1803,5261,2024-02-09,2024-02-14,313.34
1804,5157,2024-02-10,2024-02-20,315.81
1805,5047,2024-02-07,2024-02-09,20.01
1806,5324,2024-02-05,2024-02-09,ERROR
1807,5844,2024-02-15,2024-02-21,101.66
1808,5685,2024-01-21,2024-01-31,142.47
1809,5130,2024-01-25,2024-01-26,366.96
1810,5411,2024-02-08,2024-02-12,84.37
1811,5095,2024-02-03,2024-02-08,178.12
1812,5627,2024-01-19,2024-01-26,402.44
1813,5755,2024-01-30,2024-01-30,237.82
1814,5932,2024-02-02,2024-02-03,172.4
1815,5292,2024-02-08,2024-02-15,477.04
1816,5794,2024-01-28,2024-02-02,390.76
1817,5811,2024-01-07,2024-01-15,240.99
1818,5283,2024-02-20,2024-02-26,423.06
1819,5069,2024-02-14,2024-02-21,416.55
1820,5660,2024-01-08,2024-01-12,387.08
1821,5011,2024-02-24,2024-03-04,INVALID
1822,5254,2024-02-11,2024-02-18,372.12
1823,5842,2024-02-11,2024-02-21,ERROR
1824,5872,2024-02-26,2024-02-26,388.48
1825,5550,2024-02-19,,491.98
1826,5134,2024-02-05,2024-02-12,344.58
1827,5712,2024-02-16,,168.88
1828,5023,2024-02-25,2024-02-27,31.18
1829,5815,2024-01-14,2024-01-14,265.88
1830,5346,2024-01-28,2024-02-03,323.53
1831,5302,2024-01-29,2024-01-31,445.61
1832,5363,2024-02-26,2024-03-01,117.27
1833,5396,2024-01-15,2024-01-19,320.78
1834,5218,2024-01-27,,92.55
1835,5141,2024-01-22,2024-01-23,69.16
1836,5616,2024-02-22,2024-03-03,14.88
1837,5958,2024-01-30,2024-02-05,ERROR
1838,5210,2024-01-26,2024-01-29,243.5
1839,5985,2024-01-27,2024-01-28,192.58
1840,5993,2024-02-16,2024-02-16,87.81
1841,5623,2024-01-07,2024-01-08,313.79
1842,5616,2024-01-21,2024-01-24,499.27
1843,5828,2024-01-28,2024-02-04,39.8
1844,5683,2024-01-21,,354.33
1845,5460,2024-02-12,2024-02-13,72.19
1846,5356,2024-01-17,2024-01-23,491.77
1847,5324,2024-01-24,2024-01-31,381.47
1848,5133,2024-01-10,,225.58
1849,5888,2024-02-13,2024-02-14,348.4
1850,5805,2024-02-29,2024-03-05,76.55
1851,5840,2024-01-31,2024-02-02,248.42
1852,5127,2024-01-05,2024-01-07,154.98
1853,5106,2024-01-06,2024-01-16,103.54
1854,5604,2024-02-23,2024-03-02,180.94
1855,5799,2024-01-06,2024-01-15,145.48
1856,5378,2024-01-06,2024-01-13,458.82
1857,5905,2024-01-28,2024-01-31,44.27
1858,5051,2024-01-07,2024-01-09,155.45
1859,5029,2024-02-17,2024-02-26,190.48
1860,5462,2024-02-17,2024-02-20,ERROR
1861,5296,2024-01-24,,196.33
1862,5297,2024-02-21,2024-02-22,19.68
1863,5726,2024-01-09,2024-01-15,390.94
1864,5779,2024-02-05,2024-02-11,363.97
1865,5407,2024-01-04,2024-01-06,274.72
1866,5769,2024-02-07,2024-02-17,267.43
1867,5814,2024-02-05,,280.86
1868,5613,2024-02-05,2024-02-14,168.65
1869,5405,2024-01-22,2024-01-26,64.66
1870,5346,2024-02-12,2024-02-12,43.19
1871,5622,2024-01-08,2024-01-18,74.12
1872,5420,2024-01-27,2024-01-30,109.57
1873,5182,2024-01-23,2024-01-31,58.91
1874,5983,2024-02-25,2024-03-02,420.5
1875,5825,2024-02-12,2024-02-12,268.28
1876,5001,2024-03-01,2024-03-04,135.97
1877,5831,2024-02-18,2024-02-19,307.57
1878,5950,2024-01-28,2024-02-07,466.54
1879,5567,2024-02-25,2024-03-04,251.41
1880,5371,2024-02-28,2024-02-28,49.7
1881,5936,2024-02-16,2024-02-21,40.26
1882,5911,2024-01-04,2024-01-13,470.47
1883,5661,2024-01-19,2024-01-27,191.44
1884,5431,2024-02-08,2024-02-15,414.29
1885,5969,2024-01-20,2024-01-21,30.43
1886,5309,2024-01-23,,159.49
1887,5137,2024-01-07,,481.43
1888,5202,2024-02-06,2024-02-06,366.02
1889,5436,2024-02-02,2024-02-08,103.38
1890,5313,2024-01-14,2024-01-24,132.46
1891,5117,2024-01-10,2024-01-16,98.2
1892,5666,2024-02-12,2024-02-18,214.04
1893,5937,2024-01-31,,323.59
1894,5803,2024-01-15,2024-01-24,235.39
1895,5575,2024-02-24,2024-02-25,443.3
1896,5244,2024-01-07,2024-01-15,98.94
1897,5537,2024-01-23,2024-01-25,175.97
1898,5602,2024-02-24,2024-03-01,499.98
1899,5075,2024-02-05,2024-02-15,183.23
1900,5806,2024-01-24,2024-01-25,496.56
1902,5386,2024-01-08,2024-01-14,192.74
1902,5903,2024-02-18,2024-02-21,221.6
1903,5210,2024-01-18,,308.77
1904,5475,2024-02-06,,115.38
1905,5418,2024-01-15,2024-01-22,464.54
1906,5347,2024-02-21,2024-02-21,481.95
1907,5529,2024-01-28,2024-02-07,205.17
1908,5640,2024-02-24,2024-02-25,492.39
1909,5939,2024-02-05,,264.26
1910,5955,2024-02-19,2024-02-19,158.48
1911,5876,2024-02-22,2024-02-27,119.28
1912,5763,2024-02-09,2024-02-13,21.14
1913,5179,2024-02-09,2024-02-11,348.63
1914,5182,2024-02-13,2024-02-17,281.93
1915,5664,2024-02-11,2024-02-12,464.43
1916,5025,2024-02-05,2024-02-05,29.0
1917,5967,2024-01-02,2024-01-08,78.35
1918,5180,2024-02-08,2024-02-09,295.9
1919,5710,2024-02-29,2024-03-09,408.13
1920,5501,2024-02-12,2024-02-19,206.5
1921,5856,2024-02-23,2024-02-28,INVALID
1922,5161,2024-02-14,,399.22
1923,5177,2024-01-18,2024-01-20,415.3
1924,5285,2024-01-02,2024-01-06,293.0
1925,5063,2024-01-12,2024-01-21,302.31
1926,5662,2024-01-18,2024-01-19,368.77
1927,5666,2024-02-14,2024-02-22,48.97
1928,5156,2024-02-18,,388.43
1929,5882,2024-01-20,2024-01-20,411.1
1930,5469,2024-02-28,2024-03-06,435.95
1931,5049,2024-01-22,2024-01-24,121.65
1932,5967,2024-01-23,2024-01-23,305.78
1933,5849,2024-01-01,2024-01-11,ERROR
1934,5084,2024-01-12,2024-01-17,198.01
1935,5361,2024-02-25,2024-03-01,30.69
1936,5689,2024-01-10,2024-01-11,83.83
1937,5148,2024-02-06,2024-02-07,118.75
1938,5630,2024-02-12,2024-02-12,369.16
1939,5342,2024-01-26,2024-02-03,228.96
1940,5476,2024-01-05,2024-01-11,257.94
1941,5063,2024-01-10,,152.57
1942,5701,2024-02-17,2024-02-21,75.31
1943,5360,2024-02-10,2024-02-14,290.65
1944,5561,2024-01-02,2024-01-10,ERROR
1945,5327,2024-01-06,2024-01-11,52.21
1946,5769,2024-02-17,2024-02-26,389.87
1947,5736,2024-02-03,2024-02-12,76.62
1948,5141,2024-01-14,2024-01-19,249.67
1949,5990,2024-01-25,2024-02-01,106.64
1950,5215,2024-01-27,2024-01-30,371.16
1951,5435,2024-01-30,2024-02-07,45.62
1952,5891,2024-01-22,2024-01-25,169.05
1953,5952,2024-01-11,2024-01-17,54.42
1954,5723,2024-01-24,,218.14
1955,5318,2024-01-20,2024-01-30,167.74
1956,5032,2024-02-16,2024-02-16,22.37
1957,5670,2024-01-21,2024-01-21,494.7
1958,5285,2024-02-19,2024-02-25,495.93
1959,5305,2024-03-01,2024-03-05,81.99
1960,5429,2024-02-06,2024-02-14,ERROR
1961,5477,2024-02-08,2024-02-14,108.4
1962,5286,2024-01-06,2024-01-06,381.98
1963,5144,2024-02-26,2024-02-28,65.59
1964,5424,2024-01-04,2024-01-05,475.72
1965,5019,2024-01-10,,436.41
1966,5018,2024-01-11,2024-01-19,17.23
1967,5769,2024-02-18,2024-02-23,65.05
1968,5590,2024-02-09,2024-02-10,21.65
1969,5371,2024-01-04,2024-01-12,274.26
1970,5175,2024-02-13,2024-02-19,267.03
1971,5194,2024-01-06,,247.3
1972,5502,2024-01-18,2024-01-24,79.8
1973,5988,2024-01-29,2024-01-31,19.51
1974,5113,2024-02-12,2024-02-16,335.79
1975,5114,2024-01-28,2024-02-03,ERROR
1976,5222,2024-02-01,2024-02-06,149.74
1977,5678,2024-02-08,2024-02-12,313.46
1978,5947,2024-01-29,2024-02-01,331.5
1979,5831,2024-01-27,2024-02-05,ERROR
1980,5644,2024-01-18,2024-01-19,143.51
1981,5897,2024-01-14,2024-01-21,334.11
1982,5264,2024-02-18,2024-02-19,19.85
1983,5925,2024-02-02,2024-02-05,328.87
1984,5055,2024-01-08,2024-01-15,197.14
1985,5871,2024-01-23,2024-01-24,59.33
1986,5643,2024-01-28,,435.44
1987,5800,2024-01-08,2024-01-12,101.89
1988,5778,2024-01-19,2024-01-28,235.03
1989,5458,2024-02-13,,21.03
1990,5979,2024-02-13,2024-02-18,270.05
1991,5878,2024-02-07,2024-02-10,203.36
1992,5162,2024-02-01,2024-02-07,180.51
1993,5380,2024-02-03,2024-02-13,317.02
1994,5993,2024-02-12,2024-02-14,490.08
1995,5087,2024-01-20,,408.53
1996,5055,2024-01-03,2024-01-10,441.27
1997,5476,2024-01-15,2024-01-23,409.98
1998,5800,2024-01-26,2024-02-02,ERROR
1999,5178,2024-02-08,2024-02-10,147.87
2000,5391,2024-01-04,2024-01-04,450.34
